Title,OS visits to UK:Earnings: £ Millions-NSA,UK visits abroad:Expenditure: £ Millions-NSA,OS visits to UK:All visits Thousands-NSA,UK visits abroad:Expenditure abroad: £ Millions -(Cur.Price-SA),OS visits to the UK: Thousands - SA,UK visits abroad:All visits Thousands-NSA,UK visits abroad: All visits Thousands - SA,OS visits to UK :Earnings: £ Millions-(Cur.Price-SA)
CDID,GMAK,GMAM,GMAA,GMBB,GMAT,GMAF,GMAX,GMAZ
PreUnit,£,£,,£,,,,£
Unit,m,m,,m,,,,m
Release Date,44824,44824,44824,44824,44824,44824,44824,44824
Next release,To be announced,To be announced,To be announced,To be announced,To be announced,To be announced,To be announced,To be announced
Important Notes,,,,,,,,
1980,2961,2738,12419,,,17505,,
1981,2970,3271,11451,,,19048,,
1982,3186,3640,11638,,,20611,,
1983,4002,4088,12464,,,20994,,
1984,4613,4666,13642,,,22074,,
1985,5442,4870,14450,,,21608,,
1986,5554,6082,13897,6080,13898,24948,24947,5550
1987,6259,7280,15565,7280,15563,27447,27447,6260
1988,6185,8215,15799,8200,15798,28830,28830,6200
1989,6945,9357,17339,9360,17339,31032,31033,6950
1990,7748,9884,18017,9885,18017,31150,31150,7740
1991,7386,9951,17125,9952,17126,30809,30809,7390
1992,7892,11243,18533,11242,18532,33832,33831,7892
1993,9487,12972,19866,12970,19866,36722,36720,9487
1994,9785,14364,20794,14220,20730,39630,39700,9630
1995,11762,15388,23538,15260,23520,41346,41350,11720
1996,12291,16223,25160,16240,25260,42053,41850,12260
1997,12243,16929,25515,16940,25590,45957,46000,12240
1998,12671,19490,25746,19650,25790,50873,50980,12740
1999,12499,22020,25394,22030,25410,53882,53870,12550
2000,12806,24250,25207,24150,25190,56837,56620,12750
2001,11305,25332,22832,25250,22820,58281,58360,11400
2002,11737,26962,24392,26930,24340,59498,59620,11700
2003,11856,28550,24874,28590,24820,61334,61440,11850
2004,13047,30285,27626,30210,27630,64174,64040,12970
2005,14247,32155,29970,32270,29980,66442,66560,14320
2006,16001,34411,32715,34570,32680,69535,69550,15900
2007,15959,35013,32778,35080,32800,69449,69510,16000
2008,16326,36837,31888,36900,31980,69008,68790,16350
2009,17593,34455,31072,34729,31026,63513,63617,17599
2010,17800,37129,30398,36953,30395,64649,64606,17803
2011,18974,37918,31887,37855,31874,67494,67522,18897
2012,19781,38475,32222,38219,32344,66857,66674,19676
2013,22237,41369,33567,41255,33519,68959,68971,22163
2014,23425,43067,35337,42984,35248,72207,72225,23354
2015,23838,46480,36792,46345,36712,77618,77734,23898
2016,25414,50863,39127,50528,39155,81758,81458,25343
2017,28396,54429,41080,54357,41021,87242,87241,28176
2018,26506,58129,40281,58162,40291,90571,90637,26691
2019,28447,62326,40857,62290,40814,93086,93116,28358
2020,6209,13767,11100,,,23827,,
2021,5446,15227,6263,,,18846,,
1980 Q1,516,399,2081,,,2661,,
1980 Q2,715,672,3240,,,4656,,
1980 Q3,1122,1127,4738,,,6985,,
1980 Q4,608,540,2360,,,3203,,
1981 Q1,464,455,1920,,,2718,,
1981 Q2,677,787,3008,,,4908,,
1981 Q3,1152,1387,4261,,,7867,,
1981 Q4,677,642,2262,,,3555,,
1982 Q1,515,532,2013,,,2940,,
1982 Q2,793,880,3174,,,5456,,
1982 Q3,1189,1509,4255,,,8256,,
1982 Q4,689,719,2196,,,3959,,
1983 Q1,653,600,2013,,,2978,,
1983 Q2,942,967,3200,,,5404,,
1983 Q3,1496,1726,4714,,,8575,,
1983 Q4,911,795,2537,,,4037,,
1984 Q1,727,715,2153,,,3256,,
1984 Q2,1074,1184,3582,,,5981,,
1984 Q3,1752,1835,5180,,,8598,,
1984 Q4,1060,932,2727,,,4239,,
1985 Q1,900,845,2336,,,3280,,
1985 Q2,1331,1152,3958,,,5583,,
1985 Q3,2064,1876,5405,,,8257,,
1985 Q4,1147,997,2751,,,4488,,
1986 Q1,937,896,2579,1340,3478,3705,5635,1360
1986 Q2,1278,1457,3320,1500,3349,6343,6216,1350
1986 Q3,2095,2543,5065,1610,3557,9923,6509,1420
1986 Q4,1244,1186,2933,1630,3514,4977,6587,1420
1987 Q1,1015,1086,2641,1660,3673,4241,6564,1500
1987 Q2,1497,1797,4047,1840,3984,7314,7007,1580
1987 Q3,2370,2991,5618,1910,4035,10651,6942,1630
1987 Q4,1377,1406,3259,1870,3871,5241,6934,1550
1988 Q1,1047,1348,2777,1990,3778,4469,6670,1540
1988 Q2,1463,1970,4013,2010,4003,7343,7106,1540
1988 Q3,2230,3212,5549,2040,3981,11022,7378,1520
1988 Q4,1445,1685,3460,2160,4036,5996,7676,1600
1989 Q1,1183,1583,3337,2330,4469,5406,7945,1720
1989 Q2,1567,2212,4265,2250,4230,7952,7630,1660
1989 Q3,2537,3693,5961,2330,4240,11623,7786,1730
1989 Q4,1658,1869,3776,2450,4400,6051,7672,1840
1990 Q1,1366,1688,3323,2387,4625,5265,7620,2010
1990 Q2,1854,2523,4537,2562,4360,8219,7851,1910
1990 Q3,2816,3744,6306,2512,4606,11476,8109,1920
1990 Q4,1712,1929,3851,2424,4426,6190,7570,1900
1991 Q1,1146,1599,2836,2270,3831,5148,7388,1650
1991 Q2,1742,2412,4297,2488,4297,7916,7565,1830
1991 Q3,2690,3859,6012,2601,4448,11358,8019,1860
1991 Q4,1808,2081,3980,2593,4550,6387,7837,2050
1992 Q1,1380,1981,3345,2749,4636,6070,8523,2013
1992 Q2,1928,2778,4897,2826,4732,9003,8602,2012
1992 Q3,2804,4207,6188,2816,4516,12061,8592,1841
1992 Q4,1780,2277,4103,2851,4648,6698,8114,2026
1993 Q1,1658,2198,3611,3082,4915,6614,9282,2324
1993 Q2,2193,3211,5222,3264,5022,9421,8853,2273
1993 Q3,3516,4866,6700,3310,5017,12887,9305,2504
1993 Q4,2120,2697,4333,3314,4912,7800,9280,2386
1994 Q1,1688,2553,3840,3430,5140,6771,9810,2350
1994 Q2,2343,3514,5269,3480,5030,10441,9920,2390
1994 Q3,3649,5352,6891,3780,5220,13895,10160,2630
1994 Q4,2105,2945,4794,3530,5340,8523,9810,2260
1995 Q1,2030,2654,4217,3550,5590,7186,10220,2840
1995 Q2,2767,3947,5952,3910,5730,10993,10460,2830
1995 Q3,4162,5553,7747,3940,6010,14027,10260,3010
1995 Q4,2803,3234,5622,3860,6190,9140,10410,3040
1996 Q1,2175,3064,4719,4030,6160,7532,10310,3000
1996 Q2,3021,3961,6680,3920,6420,10742,10220,3060
1996 Q3,4226,5681,8130,4050,6470,13890,10070,3080
1996 Q4,2869,3517,5631,4240,6210,9889,11250,3120
1997 Q1,2165,3128,4940,4120,6390,8154,11300,3000
1997 Q2,2979,4265,6446,4190,6150,11888,11330,2990
1997 Q3,4229,5899,8168,4240,6490,15181,11180,3110
1997 Q4,2870,3637,5961,4390,6560,10734,12190,3140
1998 Q1,2250,3646,4804,4830,6240,9179,12470,3120
1998 Q2,3200,4885,6834,4810,6480,13242,12620,3210
1998 Q3,4212,6618,8028,4770,6390,16975,12790,3120
1998 Q4,3009,4341,6080,5240,6680,11477,13100,3290
1999 Q1,2413,4109,5046,5410,6430,9879,13280,3300
1999 Q2,3064,5578,6800,5460,6420,14574,13880,3040
1999 Q3,4148,7571,7912,5490,6320,17739,13350,3080
1999 Q4,2874,4762,5636,5670,6240,11690,13360,3130
2000 Q1,2315,4338,4993,5630,6340,10142,13510,3110
2000 Q2,3297,6146,6733,6000,6380,14794,14030,3310
2000 Q3,4284,8503,7943,6170,6320,19236,14530,3180
2000 Q4,2910,5263,5538,6350,6150,12665,14550,3150
2001 Q1,2406,4888,4862,6360,6200,10842,14570,3280
2001 Q2,2815,6574,6279,6410,5960,15662,14830,2810
2001 Q3,3819,8921,7098,6470,5580,19652,14770,2840
2001 Q4,2265,4949,4593,6010,5080,12125,14190,2470
2002 Q1,2025,5046,4558,6490,5740,11010,14710,2750
2002 Q2,2885,6945,6509,6760,6210,15642,14790,2890
2002 Q3,4002,9254,7619,6740,6190,19697,14800,3010
2002 Q4,2825,5717,5706,6940,6200,13149,15320,3050
2003 Q1,2151,5446,4926,6990,6090,11526,15300,2930
2003 Q2,2745,7087,6085,6920,5810,16214,15330,2740
2003 Q3,4041,10018,7716,7320,6290,20399,15360,3040
2003 Q4,2919,5999,6147,7360,6630,13195,15450,3140
2004 Q1,2229,5730,5451,7240,6710,11770,15320,3010
2004 Q2,3232,7602,7015,7420,6720,16967,16070,3230
2004 Q3,4390,10437,8412,7620,7000,21233,16150,3300
2004 Q4,3196,6516,6748,7930,7200,14204,16500,3430
2005 Q1,2643,6412,6171,8160,7450,12821,16730,3590
2005 Q2,3562,8110,7868,7970,7570,17417,16500,3530
2005 Q3,4474,10911,8858,7990,7400,21767,16540,3390
2005 Q4,3568,6722,7073,8150,7560,14437,16790,3810
2006 Q1,2757,6665,6351,8480,7660,13130,17030,3720
2006 Q2,3970,8765,8476,8610,8150,18738,17760,3940
2006 Q3,5401,11543,10296,8380,8750,22378,17060,4110
2006 Q4,3873,7438,7592,9100,8120,15289,17700,4130
2007 Q1,3000,6908,6737,8800,8060,13495,17510,4050
2007 Q2,3859,8834,8511,8690,8180,17976,16940,3820
2007 Q3,5234,12097,9564,8750,8100,23000,17560,4010
2007 Q4,3866,7174,7966,8840,8460,14978,17500,4120
2008 Q1,3130,7797,7195,9860,8590,14362,18160,4160
2008 Q2,4232,9312,8406,9140,8070,18548,17500,4200
2008 Q3,5195,12758,9358,9200,8010,22467,16970,3990
2008 Q4,3769,6970,6929,8700,7310,13631,16160,4000
2009 Q1,3332,6990,6490,8990,7700,11667,15830,4470
2009 Q2,4273,8728,7971,8580,7650,17207,16080,4240
2009 Q3,5843,11871,9261,8560,7890,21350,15810,4500
2009 Q4,4145,6866,7350,8580,7780,13289,15900,4400
2010 Q1,3170,7076,6295,9190,7570,11837,16100,4320
2010 Q2,4592,9554,7660,9320,7240,17015,15860,4510
2010 Q3,5559,13101,8974,9330,7650,22267,16580,4250
2010 Q4,4479,7398,7469,9110,7930,13530,16070,4730
2011 Q1,3403,6828,6583,8990,7980,11948,16440,4650
2011 Q2,4760,9806,8462,9520,7950,18530,17320,4670
2011 Q3,6250,13387,9404,9530,8040,22759,16890,4760
2011 Q4,4561,7897,7438,9820,7900,14257,16850,4820
2012 Q1,3470,7029,6646,9250,8090,12287,16590,4720
2012 Q2,4935,10080,8622,9730,8030,18012,16770,4860
2012 Q3,6800,13732,9098,9740,7890,22366,16430,5170
2012 Q4,4576,7634,7856,9500,8340,14192,16870,4920
2013 Q1,3788,7342,6554,9840,7980,12535,17150,5240
2013 Q2,5680,10945,9112,10580,8440,18476,17200,5560
2013 Q3,7524,14649,9874,10350,8610,23456,17350,5700
2013 Q4,5245,8433,8027,10480,8500,14492,17270,5660
2014 Q1,4121,7921,7047,10690,8450,12624,17430,5710
2014 Q2,5933,10801,9837,10460,9140,19398,18090,5750
2014 Q3,7957,15303,10305,10810,9080,24477,18100,6020
2014 Q4,5414,9042,8148,11030,8590,15708,18620,5880
2015 Q1,4271,8225,7536,11130,9020,13832,18750,5890
2015 Q2,6272,11442,9989,11100,9280,20676,19290,6070
2015 Q3,7573,16998,10512,12070,9210,26305,19770,5730
2015 Q4,5722,9815,8755,12040,9190,16805,19910,6200
2016 Q1,4447,8820,8198,11850,9740,14972,19880,6100
2016 Q2,6533,12837,10137,12500,9470,21787,20240,6320
2016 Q3,8235,18239,10892,12940,9550,27549,20760,6230
2016 Q4,6199,10967,9900,13240,10390,17450,20570,6700
2017 Q1,5075,9847,8847,13470,10550,15935,21330,7030
2017 Q2,7153,14118,11012,13670,10420,23743,22100,7010
2017 Q3,10088,19230,11899,13610,10320,28699,21830,7630
2017 Q4,6080,11234,9322,13620,9720,18865,21990,6520
2018 Q1,5194,10680,8547,14610,10300,16592,22300,7150
2018 Q2,6938,14744,10521,14300,10030,24647,22860,6850
2018 Q3,8401,20523,11535,14560,9990,29923,22890,6340
2018 Q4,5973,12182,9678,14700,9980,19409,22590,6350
2019 Q1,4804,11456,8331,15670,9980,18160,23810,6590
2019 Q2,6896,16157,10364,15680,9880,25759,23890,6790
2019 Q3,9193,21872,11865,15530,10260,30000,23090,6990
2019 Q4,7554,12841,10297,15420,10680,19167,22330,8000
2020 Q1,4344,9215,6994,12530,8510,13890,19380,5970
2020 Q2,218,403,398,,,939,,
2020 Q3,1036,2941,2322,,,6191,,
2020 Q4,611,1208,1386,,,2807,,
2021 Q1,247,818,195,,,773,,
2021 Q2,386,1123,277,,,1000,,
2021 Q3,1775,6579,2039,,,8109,,
2021 Q4,3038,6707,3752,,,8964,,
2022 Q1,2660,7490,3720,,,9480,,
1980 JAN,188,117,739,,,823,,
1980 FEB,140,116,602,,,780,,
1980 MAR,188,166,740,,,1058,,
1980 APR,209,180,1028,,,1397,,
1980 MAY,234,202,1088,,,1438,,
1980 JUN,272,290,1124,,,1821,,
1980 JUL,400,298,1699,,,1950,,
1980 AUG,408,441,1839,,,2777,,
1980 SEP,314,388,1200,,,2258,,
1980 OCT,236,260,963,,,1509,,
1980 NOV,188,175,755,,,1004,,
1980 DEC,184,105,642,,,690,,
1981 JAN,173,137,695,,,833,,
1981 FEB,126,142,540,,,818,,
1981 MAR,165,176,685,,,1067,,
1981 APR,185,231,962,,,1521,,
1981 MAY,224,240,1007,,,1559,,
1981 JUN,268,316,1039,,,1828,,
1981 JUL,375,363,1430,,,2177,,
1981 AUG,429,537,1650,,,3143,,
1981 SEP,348,487,1181,,,2547,,
1981 OCT,285,324,954,,,1812,,
1981 NOV,214,185,689,,,1006,,
1981 DEC,178,133,619,,,737,,
1982 JAN,212,169,789,,,962,,
1982 FEB,145,157,578,,,872,,
1982 MAR,158,206,646,,,1106,,
1982 APR,237,244,1071,,,1671,,
1982 MAY,275,243,1034,,,1524,,
1982 JUN,281,393,1069,,,2261,,
1982 JUL,356,405,1471,,,2247,,
1982 AUG,467,579,1629,,,3268,,
1982 SEP,366,525,1155,,,2741,,
1982 OCT,277,373,943,,,2018,,
1982 NOV,200,198,661,,,1087,,
1982 DEC,212,148,592,,,854,,
1983 JAN,248,201,723,,,947,,
1983 FEB,178,177,550,,,875,,
1983 MAR,227,222,740,,,1156,,
1983 APR,276,275,1023,,,1616,,
1983 MAY,304,290,988,,,1646,,
1983 JUN,362,402,1189,,,2142,,
1983 JUL,488,534,1697,,,2677,,
1983 AUG,539,614,1748,,,3187,,
1983 SEP,469,578,1269,,,2711,,
1983 OCT,385,419,1051,,,2027,,
1983 NOV,277,203,796,,,1098,,
1983 DEC,249,173,690,,,912,,
1984 JAN,262,229,745,,,1035,,
1984 FEB,217,192,580,,,885,,
1984 MAR,248,294,828,,,1336,,
1984 APR,335,310,1170,,,1717,,
1984 MAY,321,365,1096,,,1828,,
1984 JUN,418,509,1316,,,2436,,
1984 JUL,573,537,1763,,,2480,,
1984 AUG,632,655,2011,,,3150,,
1984 SEP,547,643,1406,,,2968,,
1984 OCT,449,444,1093,,,2054,,
1984 NOV,329,259,882,,,1235,,
1984 DEC,282,229,752,,,950,,
1985 JAN,322,276,817,,,1043,,
1985 FEB,244,245,652,,,872,,
1985 MAR,334,324,867,,,1365,,
1985 APR,375,323,1208,,,1644,,
1985 MAY,459,349,1282,,,1651,,
1985 JUN,497,480,1468,,,2288,,
1985 JUL,615,530,1819,,,2277,,
1985 AUG,838,676,2139,,,3150,,
1985 SEP,611,670,1447,,,2830,,
1985 OCT,465,476,1140,,,2050,,
1985 NOV,363,281,802,,,1424,,
1985 DEC,319,240,809,,,1014,,
1986 JAN,341,259,926,420,1144,1129,1878,440
1986 FEB,271,237,732,410,1195,1004,1743,480
1986 MAR,325,400,921,510,1139,1572,2014,440
1986 APR,372,367,1028,480,1116,1607,1944,460
1986 MAY,433,497,1125,510,1143,2116,2207,460
1986 JUN,473,593,1167,510,1090,2620,2065,430
1986 JUL,645,696,1680,530,1143,2865,2135,450
1986 AUG,793,969,2048,540,1253,3740,2179,460
1986 SEP,657,878,1337,540,1161,3318,2195,510
1986 OCT,461,581,1195,490,1194,2457,2184,420
1986 NOV,426,373,910,610,1190,1465,2210,540
1986 DEC,357,232,828,530,1130,1055,2193,460
1987 JAN,412,358,1038,560,1282,1305,2137,530
1987 FEB,266,318,678,540,1130,1292,2225,480
1987 MAR,337,410,925,560,1261,1644,2202,490
1987 APR,415,480,1315,590,1295,2074,2330,490
1987 MAY,476,604,1305,630,1361,2391,2370,520
1987 JUN,606,713,1427,620,1328,2849,2307,570
1987 JUL,745,844,1883,640,1323,3148,2282,530
1987 AUG,925,1134,2228,640,1384,4041,2361,550
1987 SEP,700,1013,1507,630,1328,3462,2299,550
1987 OCT,585,755,1348,620,1330,2540,2265,530
1987 NOV,397,371,948,610,1252,1603,2363,520
1987 DEC,395,280,963,640,1289,1098,2306,500
1988 JAN,401,417,1021,640,1286,1406,2145,520
1988 FEB,284,417,792,670,1265,1384,2261,500
1988 MAR,362,514,964,680,1227,1679,2264,520
1988 APR,451,548,1324,670,1386,2080,2371,530
1988 MAY,445,583,1191,650,1223,2133,2297,490
1988 JUN,567,839,1498,690,1394,3130,2438,520
1988 JUL,735,924,1930,680,1338,3326,2490,500
1988 AUG,846,1179,2084,670,1294,3967,2370,520
1988 SEP,649,1109,1535,690,1349,3729,2518,500
1988 OCT,606,896,1366,720,1342,3077,2655,550
1988 NOV,404,452,1073,720,1361,1695,2515,520
1988 DEC,435,337,1021,720,1333,1224,2506,530
1989 JAN,410,484,1132,730,1420,1724,2630,540
1989 FEB,303,524,869,870,1413,1627,2721,550
1989 MAR,470,575,1336,730,1636,2055,2594,630
1989 APR,456,622,1302,750,1388,2211,2468,550
1989 MAY,506,664,1388,740,1402,2478,2592,550
1989 JUN,605,926,1575,760,1440,3263,2570,560
1989 JUL,873,1028,2071,750,1424,3353,2516,600
1989 AUG,909,1361,2257,780,1401,4392,2654,550
1989 SEP,755,1304,1633,800,1415,3878,2616,580
1989 OCT,635,937,1448,770,1441,3006,2550,590
1989 NOV,469,505,1183,790,1469,1647,2378,590
1989 DEC,554,427,1145,890,1490,1398,2744,660
1990 JAN,486,580,1184,797,1505,1808,2699,650
1990 FEB,398,483,968,787,1573,1532,2597,710
1990 MAR,482,625,1171,803,1547,1925,2324,650
1990 APR,536,695,1411,782,1383,2535,2590,620
1990 MAY,616,729,1482,816,1470,2468,2552,640
1990 JUN,702,1099,1644,964,1507,3216,2709,650
1990 JUL,940,1090,2206,841,1551,3392,2701,650
1990 AUG,1018,1393,2309,829,1478,4285,2689,630
1990 SEP,858,1261,1791,842,1577,3799,2719,640
1990 OCT,670,988,1524,826,1535,3091,2718,640
1990 NOV,526,525,1204,803,1479,1884,2634,650
1990 DEC,516,416,1123,795,1412,1215,2218,610
1991 JAN,418,516,1015,716,1312,1695,2549,560
1991 FEB,289,454,786,742,1260,1429,2389,520
1991 MAR,439,629,1035,812,1259,2024,2450,570
1991 APR,492,755,1321,856,1395,2703,2746,590
1991 MAY,604,706,1474,795,1481,2317,2384,620
1991 JUN,646,951,1502,837,1421,2896,2435,620
1991 JUL,865,1099,2007,855,1438,3323,2635,610
1991 AUG,1013,1444,2281,862,1462,4301,2688,620
1991 SEP,812,1316,1724,884,1548,3734,2696,630
1991 OCT,665,1066,1484,891,1506,3072,2662,640
1991 NOV,611,585,1299,890,1563,1929,2682,760
1991 DEC,532,430,1197,812,1481,1386,2493,650
1992 JAN,507,669,1200,919,1590,1879,2821,683
1992 FEB,377,598,966,925,1525,1800,2816,676
1992 MAR,496,714,1179,905,1521,2391,2886,654
1992 APR,604,835,1648,933,1665,2912,2977,710
1992 MAY,657,912,1594,1005,1534,2993,3026,677
1992 JUN,667,1031,1655,888,1533,3098,2599,625
1992 JUL,908,1210,2037,935,1458,3645,2896,585
1992 AUG,1063,1581,2430,934,1559,4479,2835,630
1992 SEP,833,1416,1721,947,1499,3937,2861,626
1992 OCT,656,1120,1483,931,1494,3146,2683,645
1992 NOV,536,652,1235,980,1463,2075,2875,677
1992 DEC,588,505,1385,940,1691,1477,2556,704
1993 JAN,544,741,1164,1020,1561,2047,3029,732
1993 FEB,496,675,1153,1077,1739,1995,3171,813
1993 MAR,618,782,1294,985,1615,2572,3082,779
1993 APR,682,956,1724,1074,1725,2761,2817,792
1993 MAY,745,996,1801,1100,1734,2968,2953,765
1993 JUN,766,1259,1697,1090,1563,3692,3083,716
1993 JUL,1172,1389,2290,1094,1676,3845,3123,834
1993 AUG,1300,1868,2615,1121,1752,4826,3087,841
1993 SEP,1044,1609,1795,1095,1589,4216,3095,829
1993 OCT,816,1385,1582,1164,1595,3793,3214,812
1993 NOV,652,735,1410,1096,1670,2240,3084,804
1993 DEC,652,577,1341,1054,1647,1767,2982,770
1994 JAN,569,815,1214,1090,1630,2036,3190,770
1994 FEB,468,798,1058,1230,1710,2117,3330,780
1994 MAR,651,940,1568,1110,1800,2618,3290,800
1994 APR,668,1007,1668,1110,1630,2993,3230,770
1994 MAY,817,1094,1725,1160,1660,3330,3330,830
1994 JUN,858,1413,1876,1210,1740,4118,3360,790
1994 JUL,1166,1552,2338,1250,1680,4161,3260,820
1994 AUG,1413,2038,2555,1300,1740,5114,3440,940
1994 SEP,1070,1762,1998,1230,1800,4620,3460,870
1994 OCT,822,1411,1800,1180,1780,4037,3310,800
1994 NOV,552,805,1532,1150,1800,2387,3220,670
1994 DEC,731,729,1462,1200,1760,2099,3280,790
1995 JAN,715,912,1482,1230,1920,2267,3420,980
1995 FEB,536,753,1167,1160,1850,2207,3430,890
1995 MAR,779,989,1568,1160,1820,2712,3370,970
1995 APR,874,1137,2073,1240,2050,3359,3580,990
1995 MAY,919,1256,1925,1340,1850,3486,3470,950
1995 JUN,974,1554,1954,1330,1830,4148,3410,890
1995 JUL,1396,1629,2624,1320,1950,4356,3510,990
1995 AUG,1531,2024,2897,1300,2020,5055,3390,1030
1995 SEP,1235,1900,2226,1320,2040,4616,3360,990
1995 OCT,1012,1563,2077,1330,2050,4242,3510,1000
1995 NOV,836,905,1842,1280,2140,2536,3430,1020
1995 DEC,955,766,1703,1250,2000,2362,3470,1020
1996 JAN,690,952,1526,1300,1960,2253,3480,950
1996 FEB,657,915,1366,1360,2100,2314,3300,1050
1996 MAR,828,1197,1827,1370,2100,2965,3530,1000
1996 APR,869,1242,2118,1380,2080,3325,3660,1000
1996 MAY,989,1197,2239,1270,2150,3299,3270,1030
1996 JUN,1163,1522,2323,1270,2190,4118,3290,1030
1996 JUL,1403,1591,2826,1330,2200,4143,3370,1020
1996 AUG,1552,2128,2990,1360,2120,5178,3380,1030
1996 SEP,1271,1962,2314,1360,2150,4569,3320,1030
1996 OCT,1099,1653,2123,1430,2100,4405,3750,1100
1996 NOV,839,987,1653,1360,1950,2975,3740,1000
1996 DEC,931,877,1855,1450,2160,2509,3760,1020
1997 JAN,754,990,1664,1340,2130,2541,3790,1030
1997 FEB,593,880,1377,1340,2080,2582,3810,970
1997 MAR,818,1258,1899,1440,2180,3031,3700,1000
1997 APR,864,1240,2021,1360,1980,3359,3660,980
1997 MAY,961,1312,2195,1370,2070,3910,3760,980
1997 JUN,1154,1713,2230,1460,2100,4619,3910,1030
1997 JUL,1436,1683,3000,1410,2320,4580,3790,1040
1997 AUG,1532,2220,2939,1420,2080,5736,3780,1020
1997 SEP,1261,1996,2229,1410,2090,4865,3610,1050
1997 OCT,1054,1628,2082,1410,2060,4556,3880,1060
1997 NOV,874,1119,1820,1500,2160,3459,4210,1030
1997 DEC,942,890,2059,1480,2340,2719,4100,1050
1998 JAN,769,1118,1631,1490,2110,2817,4060,1030
1998 FEB,673,1164,1406,1760,2100,3035,4360,1090
1998 MAR,808,1364,1767,1580,2030,3327,4050,1000
1998 APR,955,1412,2227,1540,2180,3818,4140,1080
1998 MAY,1075,1721,2431,1770,2280,4604,4380,1080
1998 JUN,1170,1752,2176,1500,2020,4820,4100,1050
1998 JUL,1424,1794,2785,1510,2100,5139,4260,1030
1998 AUG,1516,2434,3002,1560,2170,6188,4190,1020
1998 SEP,1272,2390,2241,1700,2120,5648,4340,1070
1998 OCT,1048,1929,2255,1670,2250,4910,4180,1040
1998 NOV,894,1352,1773,1800,2090,3661,4510,1060
1998 DEC,1067,1060,2052,1770,2340,2906,4410,1190
1999 JAN,814,1435,1680,1890,2150,3183,4380,1060
1999 FEB,668,1196,1511,1790,2160,3051,4410,1070
1999 MAR,931,1478,1855,1730,2120,3645,4490,1170
1999 APR,848,1648,2161,1780,2120,4243,4460,950
1999 MAY,1009,1812,2295,1860,2150,4605,4650,1010
1999 JUN,1207,2118,2344,1820,2150,5726,4770,1080
1999 JUL,1445,2211,2712,1840,2040,5391,4440,1030
1999 AUG,1516,2826,3013,1840,2210,6526,4370,1040
1999 SEP,1187,2534,2187,1810,2070,5822,4540,1010
1999 OCT,1064,2290,2061,1990,2070,5424,4570,1040
1999 NOV,893,1367,1836,1830,2180,3465,4400,1070
1999 DEC,917,1105,1739,1850,1990,2801,4390,1020
2000 JAN,818,1463,1621,1920,2070,3019,4350,1050
2000 FEB,637,1299,1553,1860,2190,3341,4510,980
2000 MAR,860,1576,1819,1850,2080,3782,4650,1080
2000 APR,1057,1850,2187,1940,2170,4569,4650,1150
2000 MAY,1095,1929,2304,2030,2180,4693,4800,1130
2000 JUN,1145,2367,2242,2030,2030,5532,4580,1030
2000 JUL,1533,2508,2820,2060,2110,5931,4910,1080
2000 AUG,1510,3073,2909,2010,2110,7030,4810,1050
2000 SEP,1241,2922,2214,2100,2100,6275,4810,1050
2000 OCT,1080,2377,2028,2100,2050,5706,4970,1080
2000 NOV,885,1627,1681,2190,2000,3746,4790,1060
2000 DEC,945,1259,1829,2060,2100,3213,4790,1010
2001 JAN,822,1547,1588,2060,2010,3533,4970,1080
2001 FEB,675,1436,1454,2080,2090,3362,4810,1070
2001 MAR,909,1905,1820,2220,2100,3947,4790,1130
2001 APR,861,2079,2008,2180,2000,4995,5060,950
2001 MAY,845,1994,2023,2110,1920,4590,4750,870
2001 JUN,1109,2501,2248,2120,2040,6077,5020,990
2001 JUL,1335,2569,2546,2140,1890,5982,4940,950
2001 AUG,1389,3467,2588,2250,1810,7472,5070,970
2001 SEP,1095,2885,1964,2080,1880,6198,4760,920
2001 OCT,776,2211,1630,1980,1660,5272,4640,790
2001 NOV,752,1597,1582,2180,1840,3918,4950,900
2001 DEC,737,1141,1381,1850,1580,2935,4600,780
2002 JAN,696,1533,1538,2020,1940,3357,4820,910
2002 FEB,578,1546,1266,2200,1810,3518,4990,910
2002 MAR,751,1967,1754,2270,1990,4135,4900,930
2002 APR,861,2171,2220,2290,2210,4857,4980,960
2002 MAY,918,2021,2009,2160,1920,4704,4850,950
2002 JUN,1106,2753,2280,2310,2080,6081,4960,980
2002 JUL,1411,2626,2807,2210,2180,5866,4870,1030
2002 AUG,1399,3532,2716,2250,1990,7509,5000,960
2002 SEP,1192,3096,2096,2280,2020,6322,4930,1020
2002 OCT,978,2639,2053,2380,2100,5850,5210,990
2002 NOV,844,1653,1769,2250,2010,3925,4950,1000
2002 DEC,1003,1425,1884,2310,2090,3374,5160,1060
2003 JAN,762,1802,1785,2370,2150,3572,4970,1000
2003 FEB,616,1674,1440,2340,2000,3670,5170,960
2003 MAR,773,1970,1701,2280,1940,4284,5160,970
2003 APR,763,2092,1836,2190,1810,4797,4900,840
2003 MAY,933,2280,1827,2420,1730,5377,5410,950
2003 JUN,1049,2715,2422,2310,2270,6040,5020,950
2003 JUL,1331,2971,2657,2520,2020,6240,5280,980
2003 AUG,1496,3937,2829,2470,2120,7871,5200,1010
2003 SEP,1214,3110,2230,2330,2150,6288,4880,1050
2003 OCT,1025,2662,2162,2410,2210,5678,5000,1040
2003 NOV,866,1728,2007,2350,2220,4050,5130,1010
2003 DEC,1028,1609,1978,2600,2200,3467,5320,1090
2004 JAN,784,1922,1764,2480,2130,3838,5190,1020
2004 FEB,686,1863,1758,2460,2370,3950,5170,1010
2004 MAR,759,1945,1929,2300,2210,3982,4960,980
2004 APR,983,2365,2267,2470,2250,5263,5310,1070
2004 MAY,1057,2275,2345,2390,2220,5102,5300,1060
2004 JUN,1192,2962,2403,2560,2250,6602,5460,1100
2004 JUL,1466,2930,2905,2460,2280,6367,5360,1070
2004 AUG,1672,4062,3132,2570,2440,8153,5490,1150
2004 SEP,1252,3445,2375,2590,2280,6713,5300,1080
2004 OCT,1157,2943,2250,2620,2280,6227,5360,1150
2004 NOV,983,1879,2143,2620,2350,4273,5550,1170
2004 DEC,1056,1694,2355,2690,2570,3704,5590,1110
2005 JAN,927,2147,2129,2740,2510,4293,5590,1190
2005 FEB,804,1999,1851,2730,2460,3913,5530,1220
2005 MAR,912,2266,2191,2690,2480,4615,5610,1180
2005 APR,996,2562,2331,2650,2310,5445,5390,1050
2005 MAY,1222,2583,2769,2750,2610,5394,5610,1230
2005 JUN,1344,2965,2768,2570,2650,6578,5500,1250
2005 JUL,1525,3142,3116,2610,2460,6494,5410,1110
2005 AUG,1689,4115,3206,2630,2510,8113,5500,1190
2005 SEP,1260,3654,2536,2750,2430,7160,5630,1090
2005 OCT,1156,2992,2449,2680,2460,6467,5710,1140
2005 NOV,1032,2031,2389,2830,2610,4284,5610,1230
2005 DEC,1380,1699,2235,2640,2490,3686,5470,1440
2006 JAN,959,2313,2261,2990,2650,4444,5700,1260
2006 FEB,772,1970,1786,2670,2420,4092,5740,1150
2006 MAR,1026,2382,2304,2820,2590,4594,5590,1310
2006 APR,1291,2830,2920,2910,2900,6059,5950,1330
2006 MAY,1314,2614,2836,2800,2630,5806,5990,1330
2006 JUN,1365,3321,2720,2900,2620,6873,5820,1280
2006 JUL,1925,3418,3530,2810,2800,6724,5700,1400
2006 AUG,1839,4468,3705,2850,3020,8393,5720,1310
2006 SEP,1637,3657,3061,2720,2930,7261,5640,1400
2006 OCT,1357,3250,2511,2980,2500,6665,5940,1340
2006 NOV,1140,2174,2569,3050,2810,4440,5870,1360
2006 DEC,1376,2014,2512,3070,2810,4184,5890,1430
2007 JAN,970,2118,2298,2790,2690,4475,5790,1290
2007 FEB,971,2227,2012,3010,2680,4098,5780,1430
2007 MAR,1059,2563,2427,3000,2690,4922,5940,1330
2007 APR,1239,2817,2872,2930,2860,5867,5800,1290
2007 MAY,1266,2680,2941,2870,2700,5450,5630,1270
2007 JUN,1354,3337,2698,2890,2620,6659,5510,1260
2007 JUL,1820,3559,3349,2930,2650,6827,5800,1340
2007 AUG,1794,4608,3350,2920,2690,8656,5900,1290
2007 SEP,1620,3930,2865,2900,2760,7517,5860,1380
2007 OCT,1337,3133,2817,2920,2760,6586,5980,1300
2007 NOV,1076,2042,2598,2890,2830,4234,5620,1270
2007 DEC,1453,1999,2551,3030,2870,4158,5900,1550
2008 JAN,1049,2679,2349,3550,2740,4724,6100,1410
2008 FEB,996,2425,2249,3180,2990,4553,5930,1420
2008 MAR,1085,2693,2597,3130,2860,5085,6130,1330
2008 APR,1332,2760,2699,2910,2690,5771,5740,1410
2008 MAY,1453,2941,3042,3100,2790,5873,5860,1440
2008 JUN,1447,3611,2665,3130,2590,6904,5900,1350
2008 JUL,1796,3779,3357,3110,2680,6835,5870,1340
2008 AUG,1906,4945,3426,3050,2820,8574,5590,1340
2008 SEP,1493,4034,2575,3040,2510,7058,5510,1310
2008 OCT,1458,2906,2661,2720,2550,5812,5220,1380
2008 NOV,1173,2132,2177,2980,2370,4132,5460,1340
2008 DEC,1138,1932,2091,3000,2390,3687,5480,1280
2009 JAN,1226,2236,2242,2940,2620,4065,5440,1630
2009 FEB,889,2299,1848,3140,2480,3553,5250,1320
2009 MAR,1217,2455,2400,2910,2600,4049,5140,1520
2009 APR,1428,2785,2593,2940,2580,5588,5600,1530
2009 MAY,1329,2800,2601,2900,2360,5464,5300,1290
2009 JUN,1516,3143,2777,2740,2710,6155,5180,1420
2009 JUL,1857,3576,3247,2920,2560,6320,5340,1370
2009 AUG,2267,4235,3296,2590,2660,7731,4790,1610
2009 SEP,1719,4060,2718,3050,2670,7299,5680,1520
2009 OCT,1567,2956,2666,2740,2520,5760,5140,1430
2009 NOV,1289,1971,2352,2810,2570,3883,5280,1480
2009 DEC,1289,1939,2332,3030,2690,3646,5480,1490
2010 JAN,1106,2310,2187,3010,2550,3913,5210,1460
2010 FEB,995,2181,1875,3030,2570,3729,5460,1500
2010 MAR,1069,2585,2233,3150,2450,4195,5430,1360
2010 APR,1186,2939,2286,3100,2240,5061,5030,1280
2010 MAY,1767,2975,2776,3040,2510,5406,5430,1710
2010 JUN,1639,3640,2598,3180,2490,6548,5400,1520
2010 JUL,2066,3868,3282,3120,2580,6697,5680,1480
2010 AUG,1951,5191,3160,3190,2560,8793,5720,1400
2010 SEP,1542,4042,2532,3020,2510,6777,5180,1370
2010 OCT,1793,3445,2846,3160,2670,6304,5540,1600
2010 NOV,1447,2124,2480,3060,2720,4030,5490,1680
2010 DEC,1239,1829,2143,2890,2540,3196,5040,1450
2011 JAN,1106,2275,2215,2950,2570,4001,5440,1440
2011 FEB,1017,2106,1871,2990,2610,3750,5470,1560
2011 MAR,1280,2447,2497,3050,2800,4197,5530,1650
2011 APR,1347,2906,2691,3030,2650,5731,5640,1450
2011 MAY,1616,3260,2853,3320,2560,6179,6170,1570
2011 JUN,1797,3640,2918,3170,2740,6620,5510,1650
2011 JUL,2291,3927,3465,3150,2740,6693,5570,1590
2011 AUG,2216,5104,3286,3150,2680,8717,5680,1630
2011 SEP,1743,4356,2653,3230,2620,7349,5640,1540
2011 OCT,1835,3519,2889,3220,2700,6387,5680,1650
2011 NOV,1405,2243,2340,3210,2580,4078,5540,1630
2011 DEC,1321,2135,2209,3390,2620,3792,5630,1540
2012 JAN,1211,2266,2392,2960,2750,3905,5360,1590
2012 FEB,1016,2206,1835,3080,2560,4032,5550,1530
2012 MAR,1243,2557,2419,3210,2780,4350,5680,1600
2012 APR,1549,3200,2963,3340,2880,5624,5590,1690
2012 MAY,1695,3012,3045,3050,2730,5380,5330,1660
2012 JUN,1691,3868,2614,3340,2420,7008,5850,1510
2012 JUL,2426,4015,3429,3280,2770,6498,5440,1700
2012 AUG,2136,5174,2855,3180,2330,8355,5270,1580
2012 SEP,2238,4543,2814,3280,2790,7513,5720,1890
2012 OCT,1662,3400,2786,3160,2590,6294,5660,1550
2012 NOV,1400,2246,2553,3190,2800,4139,5630,1640
2012 DEC,1514,1988,2517,3150,2950,3759,5580,1730
2013 JAN,1336,2509,2290,3310,2650,4272,5820,1760
2013 FEB,1123,2232,2019,3250,2720,3947,5770,1760
2013 MAR,1329,2601,2245,3280,2610,4316,5560,1720
2013 APR,1785,3342,2960,3530,2860,5716,5740,1990
2013 MAY,1805,3546,3152,3570,2790,5857,5740,1740
2013 JUN,2090,4057,3000,3480,2790,6903,5720,1830
2013 JUL,2666,4119,3356,3420,2710,6839,5820,1890
2013 AUG,2567,5843,3639,3540,3030,9093,5810,1880
2013 SEP,2291,4687,2879,3390,2870,7524,5720,1930
2013 OCT,2016,3720,3072,3440,2870,6095,5470,1920
2013 NOV,1507,2519,2481,3490,2720,4472,5950,1750
2013 DEC,1722,2194,2474,3550,2910,3925,5850,1990
2014 JAN,1506,2742,2456,3650,2810,4429,5940,1960
2014 FEB,1254,2498,2186,3630,2860,4019,5910,1990
2014 MAR,1361,2681,2405,3410,2780,4176,5580,1760
2014 APR,1665,3195,3054,3380,2950,5789,5790,1850
2014 MAY,2032,3612,3404,3590,3020,6595,6350,1920
2014 JUN,2236,3994,3379,3490,3170,7014,5950,1980
2014 JUL,2797,4260,3538,3550,2940,7073,6040,2010
2014 AUG,2778,5996,3671,3580,3050,9546,6070,1990
2014 SEP,2382,5047,3096,3680,3090,7858,5990,2020
2014 OCT,2059,4237,3081,3910,2870,6834,6120,2010
2014 NOV,1793,2634,2655,3550,2880,4798,6330,2060
2014 DEC,1562,2171,2412,3570,2840,4076,6170,1810
2015 JAN,1554,2797,2640,3740,3010,4746,6200,1980
2015 FEB,1170,2444,2281,3530,3000,4097,6090,1870
2015 MAR,1547,2984,2615,3860,3010,4989,6460,2040
2015 APR,1801,3413,3115,3610,3020,6328,6330,2000
2015 MAY,2221,3781,3598,3720,3200,6911,6570,2060
2015 JUN,2250,4248,3276,3770,3060,7437,6390,2010
2015 JUL,2563,5165,3689,4320,3040,7852,6800,1860
2015 AUG,2598,6491,3709,3860,3040,10065,6520,1820
2015 SEP,2412,5342,3114,3890,3130,8388,6450,2050
2015 OCT,2334,4364,3522,3950,3310,7278,6500,2290
2015 NOV,1647,2979,2660,4010,2880,4958,6640,1910
2015 DEC,1741,2472,2573,4080,3000,4569,6770,2000
2016 JAN,1586,2857,2857,3830,3260,4938,6350,2000
2016 FEB,1332,2928,2514,4060,3260,4931,6760,2080
2016 MAR,1529,3035,2827,3960,3220,5103,6770,2020
2016 APR,1787,4106,3059,4290,2990,6913,6670,1960
2016 MAY,2270,4089,3672,4090,3320,6965,6880,2140
2016 JUN,2476,4642,3406,4120,3160,7909,6690,2220
2016 JUL,2864,5184,3877,4270,3190,7989,6750,2060
2016 AUG,2981,7039,3854,4270,3140,10530,6960,2100
2016 SEP,2390,6016,3161,4400,3220,9030,7050,2070
2016 OCT,2176,4964,3535,4420,3330,7729,6870,2110
2016 NOV,1956,3400,3258,4580,3490,5079,6870,2270
2016 DEC,2067,2603,3107,4240,3570,4642,6830,2320
2017 JAN,1820,3052,3123,4200,3540,5482,6990,2340
2017 FEB,1426,3270,2528,4660,3330,4942,7090,2300
2017 MAR,1829,3525,3196,4610,3680,5511,7250,2390
2017 APR,2325,4393,3731,4530,3750,7660,7280,2530
2017 MAY,2346,4001,3619,4080,3290,7132,7050,2240
2017 JUN,2482,5724,3662,5060,3380,8951,7770,2240
2017 JUL,3521,5437,4344,4490,3500,8328,7200,2550
2017 AUG,3654,7523,4253,4570,3460,10819,7210,2540
2017 SEP,2913,6270,3302,4550,3360,9552,7420,2540
2017 OCT,2204,4919,3359,4390,3150,8305,7380,2160
2017 NOV,2076,3443,3183,4620,3410,5467,7350,2380
2017 DEC,1800,2872,2780,4610,3160,5093,7260,1980
2018 JAN,1708,3382,2734,4730,3170,5831,7450,2220
2018 FEB,1412,3276,2573,4650,3420,5071,7250,2270
2018 MAR,2074,4022,3240,5230,3710,5690,7600,2660
2018 APR,2157,4243,3404,4420,3440,8018,7650,2390
2018 MAY,2385,4840,3614,4960,3350,7603,7520,2310
2018 JUN,2396,5661,3503,4920,3240,9026,7690,2150
2018 JUL,2864,5935,4172,4980,3360,8746,7670,2110
2018 AUG,3259,8040,4126,4870,3310,11533,7790,2240
2018 SEP,2278,6548,3237,4710,3320,9644,7430,1990
2018 OCT,2212,5544,3491,4990,3290,8655,7720,2170
2018 NOV,1830,3463,3112,4640,3310,5700,7540,2080
2018 DEC,1931,3175,3075,5070,3380,5054,7330,2100
2019 JAN,1646,3994,2830,5590,3260,6149,7830,2140
2019 FEB,1318,3356,2372,4750,3150,5538,7680,2100
2019 MAR,1840,4106,3129,5330,3570,6473,8300,2350
2019 APR,1824,5018,3199,5290,3200,8406,8010,2070
2019 MAY,2347,5011,3438,5150,3210,8228,8120,2290
2019 JUN,2725,6128,3727,5240,3470,9125,7760,2430
2019 JUL,3090,5950,4155,5050,3370,8647,7690,2310
2019 AUG,3510,8687,4418,5210,3530,11628,7780,2360
2019 SEP,2593,7235,3292,5270,3360,9725,7620,2320
2019 OCT,2645,5827,3731,5230,3530,8434,7520,2560
2019 NOV,2201,3906,3121,5200,3360,5683,7440,2460
2019 DEC,2708,3108,3445,4990,3790,5050,7370,2980
2020 JAN,2026,3340,3036,4640,3480,5419,7050,2620
2020 FEB,1538,3454,2512,4690,3310,5232,7090,2330
2020 MAR,780,2421,1446,3200,1720,3239,5240,1020
2020 APR,82,151,95,,,219,,
2020 MAY,75,139,127,,,275,,
2020 JUN,61,113,176,,,445,,
2020 JUL,69,1361,633,,,1360,,
2020 AUG,519,846,993,,,2759,,
2020 SEP,448,734,696,,,2072,,
2020 OCT,270,530,570,,,1369,,
2020 NOV,156,309,358,,,659,,
2020 DEC,185,369,458,,,779,,
2021 JAN,76,124,65,,,124,,
2021 FEB,82,271,69,,,292,,
2021 MAR,89,423,61,,,357,,
2021 APR,87,310,65,,,260,,
2021 MAY,134,344,86,,,287,,
2021 JUN,165,469,126,,,453,,
2021 JUL,433,1266,331,,,1432,,
2021 AUG,626,2444,759,,,3044,,
2021 SEP,716,2869,949,,,3633,,
2021 OCT,867,2361,1103,,,3263,,
2021 NOV,1186,2057,1610,,,2833,,
2021 DEC,985,2289,1039,,,2868,,
2022 JAN,620,2120,820,,,2520,,
2022 FEB,740,2350,1050,,,2960,,
2022 MAR,1300,3020,1850,,,4000,,
2022 APR,1660,4110,2150,,,5600,,
2022 MAY,2110,4740,2730,,,6000,,
